"PPTESTCD","PPTEST","NCIt_code","definition"
"AUCALL","AUC All","C85564","The area under the curve (AUC) from the time of dosing to the time of the last observation, regardless of whether the last concentration is measurable or not."
"AUCIFO","AUC Infinity Obs","C85761","The area under the curve (AUC) extrapolated to infinity, calculated using the observed value of the last non-zero concentration."
"AUCIFOD","AUC Infinity Obs Norm by Dose","C96695","The area under the curve (AUC) extrapolated to infinity, calculated using the observed value of the last non-zero concentration, divided by the dose."
"AUCIFP","AUC Infinity Pred","C85785","The area under the curve (AUC) extrapolated to infinity, calculated using the predicted value of the last non-zero concentration."
"AUCIFPD","AUC Infinity Pred Norm by Dose","C85786","The area under the curve (AUC) extrapolated to infinity, calculated using the predicted value of the last non-zero concentration, divided by the dose."
"AUCLST","AUC to Last Nonzero Conc","C85565","The area under the curve (AUC) from the time of dosing to the last measurable concentration."
"AUCLSTD","AUC to Last Nonzero Conc Norm by Dose","C92310","The area under the curve (AUC) from the time of dosing to the last measurable concentration divided by the dose."
"AUCPBEO","AUC %Back Extrapolation Obs","C85763","Applies only for intravascular bolus dosing. The area under the curve (AUC) from the first measured concentration value back extrapolated to the concentration value at time zero as a percentage of the area under the curve extrapolated to infinity using the observed value of the last non-zero concentration."
"AUCPBEP","AUC %Back Extrapolation Pred","C85787","Applies only for intravascular bolus dosing. The area under the curve (AUC) from the first measured concentration value back extrapolated to the concentration value at time zero as a percentage of the area under the curve extrapolated to infinity using the predicted value of the last non-zero concentration."
"AUCPEO","AUC %Extrapolation Obs","C85764","The area under the curve (AUC) from the last observed non-zero concentration value to infinity as a percentage of the area under the curve extrapolated to infinity."
"AUCPEP","AUC %Extrapolation Pred","C85788","The area under the curve (AUC) from the last predicted non-zero concentration value to infinity as a percentage of the area under the curve extrapolated to infinity."
"AUCTAU","AUC Over Dosing Interval","C85567","The area under the curve (AUC) for the defined interval between doses (TAU)."
"AUMCIFO","AUMC Infinity Obs","C85765","The area under the moment curve (AUMC) extrapolated to infinity, calculated using the observed value of the last non-zero concentration."
"AUMCIFOD","AUMC Infinity Obs Norm by Dose","C92331","The area under the moment curve (AUMC) extrapolated to infinity, calculated using the observed value of the last non-zero concentration, divided by the dose."
"AUMCIFP","AUMC Infinity Pred","C85789","The area under the moment curve (AUMC) extrapolated to infinity, calculated using the predicted value of the last non-zero concentration."
"AUMCIFPD","AUMC Infinity Pred Norm by Dose","C92335","The area under the moment curve (AUMC) extrapolated to infinity, calculated using the predicted value of the last non-zero concentration, divided by the dose."
"AUMCLST","AUMC to Last Nonzero Conc","C85569","The area under the moment curve (AUMC) from the time of dosing to the last measurable concentration."
"AUMCLSTD","AUMC to Last Nonzero Conc Norm by Dose","C92327","The area under the moment curve (AUMC) from the time of dosing to the last measurable concentration divided by the dose."
"AUMCPEO","AUMC % Extrapolation Obs","C85766","The area under the moment curve (AUMC) from the last observed non-zero concentration value to infinity as a percentage of the area under the moment curve extrapolated to infinity."
"AUMCPEP","AUMC % Extrapolation Pred","C85790","The area under the moment curve (AUMC) from the last predicted non-zero concentration value to infinity as a percentage of the area under the moment curve extrapolated to infinity."
"C0","Initial Conc","C85644","Initial concentration. Given only for bolus IV models."
"CAVG","Average Concentration","C85575","AUCTAU divided by TAU."
"CLFO","Total CL Obs by F","C85772","The total body clearance for extravascular administration divided by the fraction of dose absorbed, calculated using the AUCINF based on the observed value of the last non-zero concentration."
"CLFP","Total CL Pred by F","C85796","The total body clearance for extravascular administration divided by the fraction of dose absorbed, calculated using the AUCINF based on the predicted value of the last non-zero concentration."
"CLFTAU","Total CL by F for Dose Int","C114121","The total body clearance for extravascular administration divided by the fraction of dose absorbed, calculated using AUCTAU."
"CLO","Total CL Obs","C85773","The total body clearance for intravascular administration, calculated using the AUCINF based on the observed value of the last non-zero concentration."
"CLP","Total CL Pred","C85797","The total body clearance for intravascular administration, calculated using the AUCINF based on the predicted value of the last non-zero concentration."
"CLST","Last Nonzero Conc","C85655","The concentration corresponding to Tlast."
"CLTAU","Total CL for Dose Int","C114122","The total body clearance for intravascular administration, calculated using AUCTAU."
"CMAX","Max Conc","C70918","The maximum concentration occurring at Tmax."
"CMAXD","Max Conc Norm by Dose","C85698","The maximum concentration occurring at Tmax, divided by the dose."
"CMIN","Min Conc","C85579","The minimum concentration between dose time and dose time plus Tau (at Tmin)."
"CORRXY","Correlation Between TimeX and Log ConcY","C85821","The correlation between time (X) and log concentration (Y) for the points used in the estimation of lambda z."
"FLUCP","Fluctuation%","C85581","The difference between Cmin and Cmax standardized to Cavg, between dose time and Tau."
"LAMZ","Lambda z","C85652","The first order rate constant associated with the terminal (log-linear) portion of the curve."
"LAMZHL","Half-Life Lambda z","C85818","Terminal half-life."
"LAMZLL","Lambda z Lower Limit","C85653","The lower limit on time for values to be included in the calculation of Lambda z."
"LAMZNPT","Number of Points for Lambda z","C85816","The number of time points used in computing Lambda z."
"LAMZUL","Lambda z Upper Limit","C85654","The upper limit on time for values to be included in the calculation of Lambda z."
"MRTEVIFO","MRT Extravasc Infinity Obs","C120724","The mean residence time (MRT) extrapolated to infinity for a substance administered by extravascular dosing, calculated using the observed value of the last non-zero concentration. Extravascular MRT includes Mean Absorption Time (MAT)."
"MRTEVIFP","MRT Extravasc Infinity Pred","C120725","The mean residence time (MRT) extrapolated to infinity for a substance administered by extravascular dosing, calculated using the predicted value of the last non-zero concentration. Extravascular MRT includes Mean Absorption Time (MAT)."
"MRTEVLST","MRT Extravasc to Last Nonzero Conc","C120726","Mean residence time (MRT) from the time of dosing to the time of the last measurable concentration for a substance administered by extravascular dosing. Extravascular MRT includes Mean Absorption Time (MAT)."
"MRTIBIFO","MRT IV Bolus Infinity Obs","C121134","The mean residence time (MRT) extrapolated to infinity for a substance administered by intravascular bolus dosing, calculated using the observed value of the last non-zero concentration."
"MRTIBIFP","MRT IV Bolus Infinity Pred","C121136","The mean residence time (MRT) extrapolated to infinity for a substance administered by intravascular bolus dosing, calculated using the predicted value of the last non-zero concentration."
"MRTIBLST","MRT IV Bolus to Last Nonzero Conc","C121137","Mean residence time (MRT) from the time of dosing to the time of the last measurable concentration, for a substance administered by intravascular bolus dosing."
"MRTICIFO","MRT IV Cont Inf Infinity Obs","C181517","The mean residence time (MRT) extrapolated to infinity for a substance administered by constant rate of continuous intravascular infusion, calculated using the observed value of the last non-zero concentration."
"MRTICIFP","MRT IV Cont Inf Infinity Pred","C181518","The mean residence time (MRT) extrapolated to infinity for a substance administered by constant rate of continuous intravascular infusion, calculated using the predicted value of the last non-zero concentration."
"MRTICLST","MRT IV Cont Inf to Last Nonzero Conc","C181519","Mean residence time (MRT) from the time of dosing to the time of the last measurable concentration, for a substance administered by constant rate of continuous intravascular infusion."
"R2","R Squared","C85542","The goodness of fit statistic for the terminal elimination phase."
"R2ADJ","R Squared Adjusted","C85553","The goodness of fit statistic for the terminal elimination phase, adjusted for the number of time points used in the estimation of Lambda z."
"SWING","Swing","C161416","The difference between Cmax and Cmin standardized to Cmin within a dosing interval."
"TAU","Dosing Interval","C176355","The duration of time between two doses."
"TLAG","Time Until First Nonzero Conc","C85824","The time prior to the first measurable (non-zero) concentration."
"TLST","Time of Last Nonzero Conc","C85822","The time of the last measurable (positive) concentration."
"TMAX","Time of CMAX Observation","C70919","The time of maximum observed concentration sampled during a dosing interval."
"VSSO","Vol Dist Steady State Obs","C85770","The volume of distribution at steady state based on the observed CLST for a substance administered by intravascular dosing."
"VSSP","Vol Dist Steady State Pred","C85794","The volume of distribution at steady state based on the predicted CLST for a substance administered by intravascular dosing."
"VZFO","Vz Obs by F","C85775","The volume of distribution associated with the terminal slope following extravascular administration divided by the fraction of dose absorbed, calculated using the observed value of the last non-zero concentration."
"VZFP","Vz Pred by F","C85799","The volume of distribution associated with the terminal slope following extravascular administration divided by the fraction of dose absorbed, calculated using the predicted value of the last non-zero concentration."
"VZFTAU","Vz for Dose Int by F","C111364","The volume of distribution associated with the terminal slope following extravascular administration divided by the fraction of dose absorbed, calculated using AUCTAU."
"VZO","Vz Obs","C85774","The volume of distribution associated with the terminal slope following intravascular administration, calculated using the observed value of the last non-zero concentration."
"VZP","Vz Pred","C85798","The volume of distribution associated with the terminal slope following intravascular administration, calculated using the predicted value of the last non-zero concentration."
"VZTAU","Vz for Dose Int","C111333","The volume of distribution associated with the terminal slope following intravascular administration, calculated using AUCTAU."
