"Subject","Treatment","Time","Conc","Dose","Age","Weight","Sex"
1,"Reference",0,0,100,31,75.7,"F"
1,"Reference",0.25,0.3449,100,31,75.7,"F"
1,"Reference",0.5,0.6314,100,31,75.7,"F"
1,"Reference",0.75,0.8525,100,31,75.7,"F"
1,"Reference",1,0.9749,100,31,75.7,"F"
1,"Reference",1.5,1.1786,100,31,75.7,"F"
1,"Reference",2,1.306,100,31,75.7,"F"
1,"Reference",3,1.2504,100,31,75.7,"F"
1,"Reference",4,1.1459,100,31,75.7,"F"
1,"Reference",6,0.9848,100,31,75.7,"F"
1,"Reference",8,0.8539,100,31,75.7,"F"
1,"Reference",12,0.6047,100,31,75.7,"F"
1,"Reference",24,0.1975,100,31,75.7,"F"
1,"Reference",36,0.0659,100,31,75.7,"F"
1,"Reference",48,0.0218,100,31,75.7,"F"
2,"Reference",0,0,100,65,58.7,"F"
2,"Reference",0.25,0.5819,100,65,58.7,"F"
2,"Reference",0.5,1.0218,100,65,58.7,"F"
2,"Reference",0.75,1.3005,100,65,58.7,"F"
2,"Reference",1,1.522,100,65,58.7,"F"
2,"Reference",1.5,1.7241,100,65,58.7,"F"
2,"Reference",2,1.9248,100,65,58.7,"F"
2,"Reference",3,1.6743,100,65,58.7,"F"
2,"Reference",4,1.5749,100,65,58.7,"F"
2,"Reference",6,1.2106,100,65,58.7,"F"
2,"Reference",8,0.9714,100,65,58.7,"F"
2,"Reference",12,0.6337,100,65,58.7,"F"
2,"Reference",24,0.1537,100,65,58.7,"F"
2,"Reference",36,0.04,100,65,58.7,"F"
2,"Reference",48,0.0098,100,65,58.7,"F"
3,"Reference",0,0,100,31,59.2,"M"
3,"Reference",0.25,0.5547,100,31,59.2,"M"
3,"Reference",0.5,0.891,100,31,59.2,"M"
3,"Reference",0.75,1.2181,100,31,59.2,"M"
3,"Reference",1,1.366,100,31,59.2,"M"
3,"Reference",1.5,1.5943,100,31,59.2,"M"
3,"Reference",2,1.5619,100,31,59.2,"M"
3,"Reference",3,1.5482,100,31,59.2,"M"
3,"Reference",4,1.3747,100,31,59.2,"M"
3,"Reference",6,1.0792,100,31,59.2,"M"
3,"Reference",8,0.8797,100,31,59.2,"M"
3,"Reference",12,0.5376,100,31,59.2,"M"
3,"Reference",24,0.1269,100,31,59.2,"M"
3,"Reference",36,0.0342,100,31,59.2,"M"
3,"Reference",48,0.0074,100,31,59.2,"M"
4,"Reference",0,0,100,46,77.6,"M"
4,"Reference",0.25,0.3587,100,46,77.6,"M"
4,"Reference",0.5,0.6216,100,46,77.6,"M"
4,"Reference",0.75,0.7667,100,46,77.6,"M"
4,"Reference",1,1.0041,100,46,77.6,"M"
4,"Reference",1.5,1.1475,100,46,77.6,"M"
4,"Reference",2,1.2738,100,46,77.6,"M"
4,"Reference",3,1.2562,100,46,77.6,"M"
4,"Reference",4,1.0945,100,46,77.6,"M"
4,"Reference",6,1.0302,100,46,77.6,"M"
4,"Reference",8,0.8632,100,46,77.6,"M"
4,"Reference",12,0.6151,100,46,77.6,"M"
4,"Reference",24,0.2051,100,46,77.6,"M"
4,"Reference",36,0.072,100,46,77.6,"M"
4,"Reference",48,0.023,100,46,77.6,"M"
5,"Reference",0,0,100,51,78,"F"
5,"Reference",0.25,0.4204,100,51,78,"F"
5,"Reference",0.5,0.7142,100,51,78,"F"
5,"Reference",0.75,0.9632,100,51,78,"F"
5,"Reference",1,1.1628,100,51,78,"F"
5,"Reference",1.5,1.3821,100,51,78,"F"
5,"Reference",2,1.4317,100,51,78,"F"
5,"Reference",3,1.3525,100,51,78,"F"
5,"Reference",4,1.333,100,51,78,"F"
5,"Reference",6,1.047,100,51,78,"F"
5,"Reference",8,0.899,100,51,78,"F"
5,"Reference",12,0.552,100,51,78,"F"
5,"Reference",24,0.1506,100,51,78,"F"
5,"Reference",36,0.0442,100,51,78,"F"
5,"Reference",48,0.012,100,51,78,"F"
6,"Reference",0,0,100,34,77.8,"M"
6,"Reference",0.25,0.5085,100,34,77.8,"M"
6,"Reference",0.5,0.9109,100,34,77.8,"M"
6,"Reference",0.75,1.0776,100,34,77.8,"M"
6,"Reference",1,1.3954,100,34,77.8,"M"
6,"Reference",1.5,1.3973,100,34,77.8,"M"
6,"Reference",2,1.5166,100,34,77.8,"M"
6,"Reference",3,1.4033,100,34,77.8,"M"
6,"Reference",4,1.2704,100,34,77.8,"M"
6,"Reference",6,1.157,100,34,77.8,"M"
6,"Reference",8,0.8698,100,34,77.8,"M"
6,"Reference",12,0.6102,100,34,77.8,"M"
6,"Reference",24,0.1894,100,34,77.8,"M"
6,"Reference",36,0.0576,100,34,77.8,"M"
6,"Reference",48,0.0177,100,34,77.8,"M"
7,"Reference",0,0,100,38,57.8,"M"
7,"Reference",0.25,0.6555,100,38,57.8,"M"
7,"Reference",0.5,1.0739,100,38,57.8,"M"
7,"Reference",0.75,1.3358,100,38,57.8,"M"
7,"Reference",1,1.5663,100,38,57.8,"M"
7,"Reference",1.5,1.7521,100,38,57.8,"M"
7,"Reference",2,1.8805,100,38,57.8,"M"
7,"Reference",3,1.8173,100,38,57.8,"M"
7,"Reference",4,1.6682,100,38,57.8,"M"
7,"Reference",6,1.3693,100,38,57.8,"M"
7,"Reference",8,0.9641,100,38,57.8,"M"
7,"Reference",12,0.6089,100,38,57.8,"M"
7,"Reference",24,0.1203,100,38,57.8,"M"
7,"Reference",36,0.027,100,38,57.8,"M"
7,"Reference",48,0.0059,100,38,57.8,"M"
8,"Reference",0,0,100,44,65.8,"M"
8,"Reference",0.25,0.5426,100,44,65.8,"M"
8,"Reference",0.5,0.9268,100,44,65.8,"M"
8,"Reference",0.75,1.2754,100,44,65.8,"M"
8,"Reference",1,1.4295,100,44,65.8,"M"
8,"Reference",1.5,1.6745,100,44,65.8,"M"
8,"Reference",2,1.6795,100,44,65.8,"M"
8,"Reference",3,1.5407,100,44,65.8,"M"
8,"Reference",4,1.2638,100,44,65.8,"M"
8,"Reference",6,1.0199,100,44,65.8,"M"
8,"Reference",8,0.7687,100,44,65.8,"M"
8,"Reference",12,0.4682,100,44,65.8,"M"
8,"Reference",24,0.1048,100,44,65.8,"M"
8,"Reference",36,0.0226,100,44,65.8,"M"
8,"Reference",48,0.0048,100,44,65.8,"M"
9,"Reference",0,0,100,56,70.8,"M"
9,"Reference",0.25,0.4863,100,56,70.8,"M"
9,"Reference",0.5,0.9319,100,56,70.8,"M"
9,"Reference",0.75,1.1608,100,56,70.8,"M"
9,"Reference",1,1.272,100,56,70.8,"M"
9,"Reference",1.5,1.4464,100,56,70.8,"M"
9,"Reference",2,1.4115,100,56,70.8,"M"
9,"Reference",3,1.4084,100,56,70.8,"M"
9,"Reference",4,1.2857,100,56,70.8,"M"
9,"Reference",6,1.0533,100,56,70.8,"M"
9,"Reference",8,0.9326,100,56,70.8,"M"
9,"Reference",12,0.596,100,56,70.8,"M"
9,"Reference",24,0.1694,100,56,70.8,"M"
9,"Reference",36,0.049,100,56,70.8,"M"
9,"Reference",48,0.0141,100,56,70.8,"M"
10,"Reference",0,0,100,46,60.2,"F"
10,"Reference",0.25,0.5288,100,46,60.2,"F"
10,"Reference",0.5,0.893,100,46,60.2,"F"
10,"Reference",0.75,1.2309,100,46,60.2,"F"
10,"Reference",1,1.3133,100,46,60.2,"F"
10,"Reference",1.5,1.4055,100,46,60.2,"F"
10,"Reference",2,1.6716,100,46,60.2,"F"
10,"Reference",3,1.5922,100,46,60.2,"F"
10,"Reference",4,1.436,100,46,60.2,"F"
10,"Reference",6,1.3146,100,46,60.2,"F"
10,"Reference",8,0.9386,100,46,60.2,"F"
10,"Reference",12,0.6281,100,46,60.2,"F"
10,"Reference",24,0.1733,100,46,60.2,"F"
10,"Reference",36,0.0431,100,46,60.2,"F"
10,"Reference",48,0.0128,100,46,60.2,"F"
11,"Reference",0,0,100,42,65.8,"F"
11,"Reference",0.25,0.5881,100,42,65.8,"F"
11,"Reference",0.5,0.9761,100,42,65.8,"F"
11,"Reference",0.75,1.2741,100,42,65.8,"F"
11,"Reference",1,1.4547,100,42,65.8,"F"
11,"Reference",1.5,1.5626,100,42,65.8,"F"
11,"Reference",2,1.7112,100,42,65.8,"F"
11,"Reference",3,1.5204,100,42,65.8,"F"
11,"Reference",4,1.3576,100,42,65.8,"F"
11,"Reference",6,1.2151,100,42,65.8,"F"
11,"Reference",8,0.982,100,42,65.8,"F"
11,"Reference",12,0.6359,100,42,65.8,"F"
11,"Reference",24,0.2125,100,42,65.8,"F"
11,"Reference",36,0.0616,100,42,65.8,"F"
11,"Reference",48,0.0213,100,42,65.8,"F"
12,"Reference",0,0,100,38,74.3,"F"
12,"Reference",0.25,0.4922,100,38,74.3,"F"
12,"Reference",0.5,0.7836,100,38,74.3,"F"
12,"Reference",0.75,0.9275,100,38,74.3,"F"
12,"Reference",1,1.2017,100,38,74.3,"F"
12,"Reference",1.5,1.2593,100,38,74.3,"F"
12,"Reference",2,1.2832,100,38,74.3,"F"
12,"Reference",3,1.3174,100,38,74.3,"F"
12,"Reference",4,1.1308,100,38,74.3,"F"
12,"Reference",6,0.991,100,38,74.3,"F"
12,"Reference",8,0.7624,100,38,74.3,"F"
12,"Reference",12,0.5255,100,38,74.3,"F"
12,"Reference",24,0.1563,100,38,74.3,"F"
12,"Reference",36,0.0458,100,38,74.3,"F"
12,"Reference",48,0.0128,100,38,74.3,"F"
13,"Reference",0,0,100,52,54.3,"F"
13,"Reference",0.25,0.6723,100,52,54.3,"F"
13,"Reference",0.5,1.2136,100,52,54.3,"F"
13,"Reference",0.75,1.5247,100,52,54.3,"F"
13,"Reference",1,1.8237,100,52,54.3,"F"
13,"Reference",1.5,1.8928,100,52,54.3,"F"
13,"Reference",2,2.221,100,52,54.3,"F"
13,"Reference",3,1.9469,100,52,54.3,"F"
13,"Reference",4,1.7189,100,52,54.3,"F"
13,"Reference",6,1.4436,100,52,54.3,"F"
13,"Reference",8,1.0532,100,52,54.3,"F"
13,"Reference",12,0.6066,100,52,54.3,"F"
13,"Reference",24,0.1415,100,52,54.3,"F"
13,"Reference",36,0.0307,100,52,54.3,"F"
13,"Reference",48,0.0066,100,52,54.3,"F"
14,"Reference",0,0,100,48,71.6,"M"
14,"Reference",0.25,0.41,100,48,71.6,"M"
14,"Reference",0.5,0.7343,100,48,71.6,"M"
14,"Reference",0.75,0.9004,100,48,71.6,"M"
14,"Reference",1,1.0287,100,48,71.6,"M"
14,"Reference",1.5,1.212,100,48,71.6,"M"
14,"Reference",2,1.4078,100,48,71.6,"M"
14,"Reference",3,1.2389,100,48,71.6,"M"
14,"Reference",4,1.218,100,48,71.6,"M"
14,"Reference",6,1.02,100,48,71.6,"M"
14,"Reference",8,0.7959,100,48,71.6,"M"
14,"Reference",12,0.5015,100,48,71.6,"M"
14,"Reference",24,0.1613,100,48,71.6,"M"
14,"Reference",36,0.0472,100,48,71.6,"M"
14,"Reference",48,0.0127,100,48,71.6,"M"
15,"Reference",0,0,100,45,70,"F"
15,"Reference",0.25,0.4359,100,45,70,"F"
15,"Reference",0.5,0.8087,100,45,70,"F"
15,"Reference",0.75,1.0123,100,45,70,"F"
15,"Reference",1,1.2635,100,45,70,"F"
15,"Reference",1.5,1.4035,100,45,70,"F"
15,"Reference",2,1.515,100,45,70,"F"
15,"Reference",3,1.5152,100,45,70,"F"
15,"Reference",4,1.4334,100,45,70,"F"
15,"Reference",6,1.1675,100,45,70,"F"
15,"Reference",8,0.9645,100,45,70,"F"
15,"Reference",12,0.5866,100,45,70,"F"
15,"Reference",24,0.1749,100,45,70,"F"
15,"Reference",36,0.0511,100,45,70,"F"
15,"Reference",48,0.014,100,45,70,"F"
16,"Reference",0,0,100,28,68.1,"M"
16,"Reference",0.25,0.4773,100,28,68.1,"M"
16,"Reference",0.5,0.7822,100,28,68.1,"M"
16,"Reference",0.75,1.1217,100,28,68.1,"M"
16,"Reference",1,1.1944,100,28,68.1,"M"
16,"Reference",1.5,1.4333,100,28,68.1,"M"
16,"Reference",2,1.4843,100,28,68.1,"M"
16,"Reference",3,1.3758,100,28,68.1,"M"
16,"Reference",4,1.455,100,28,68.1,"M"
16,"Reference",6,1.1083,100,28,68.1,"M"
16,"Reference",8,0.9429,100,28,68.1,"M"
16,"Reference",12,0.6755,100,28,68.1,"M"
16,"Reference",24,0.2204,100,28,68.1,"M"
16,"Reference",36,0.0751,100,28,68.1,"M"
16,"Reference",48,0.0263,100,28,68.1,"M"
17,"Reference",0,0,100,37,83.9,"F"
17,"Reference",0.25,0.3589,100,37,83.9,"F"
17,"Reference",0.5,0.6148,100,37,83.9,"F"
17,"Reference",0.75,0.7788,100,37,83.9,"F"
17,"Reference",1,0.8941,100,37,83.9,"F"
17,"Reference",1.5,0.9975,100,37,83.9,"F"
17,"Reference",2,1.0539,100,37,83.9,"F"
17,"Reference",3,1.0462,100,37,83.9,"F"
17,"Reference",4,1.0588,100,37,83.9,"F"
17,"Reference",6,0.8019,100,37,83.9,"F"
17,"Reference",8,0.6386,100,37,83.9,"F"
17,"Reference",12,0.4964,100,37,83.9,"F"
17,"Reference",24,0.1589,100,37,83.9,"F"
17,"Reference",36,0.0485,100,37,83.9,"F"
17,"Reference",48,0.0164,100,37,83.9,"F"
18,"Reference",0,0,100,38,79.3,"M"
18,"Reference",0.25,0.4256,100,38,79.3,"M"
18,"Reference",0.5,0.7161,100,38,79.3,"M"
18,"Reference",0.75,0.9604,100,38,79.3,"M"
18,"Reference",1,1.0394,100,38,79.3,"M"
18,"Reference",1.5,1.222,100,38,79.3,"M"
18,"Reference",2,1.3882,100,38,79.3,"M"
18,"Reference",3,1.2695,100,38,79.3,"M"
18,"Reference",4,1.1839,100,38,79.3,"M"
18,"Reference",6,1.0208,100,38,79.3,"M"
18,"Reference",8,0.815,100,38,79.3,"M"
18,"Reference",12,0.5762,100,38,79.3,"M"
18,"Reference",24,0.2113,100,38,79.3,"M"
18,"Reference",36,0.0722,100,38,79.3,"M"
18,"Reference",48,0.0261,100,38,79.3,"M"
19,"Reference",0,0,100,38,48.2,"F"
19,"Reference",0.25,0.6196,100,38,48.2,"F"
19,"Reference",0.5,1.1613,100,38,48.2,"F"
19,"Reference",0.75,1.387,100,38,48.2,"F"
19,"Reference",1,1.6652,100,38,48.2,"F"
19,"Reference",1.5,1.8058,100,38,48.2,"F"
19,"Reference",2,2.0109,100,38,48.2,"F"
19,"Reference",3,1.8199,100,38,48.2,"F"
19,"Reference",4,1.5992,100,38,48.2,"F"
19,"Reference",6,1.4791,100,38,48.2,"F"
19,"Reference",8,1.1928,100,38,48.2,"F"
19,"Reference",12,0.7555,100,38,48.2,"F"
19,"Reference",24,0.2006,100,38,48.2,"F"
19,"Reference",36,0.0506,100,38,48.2,"F"
19,"Reference",48,0.0128,100,38,48.2,"F"
20,"Reference",0,0,100,37,66.1,"F"
20,"Reference",0.25,0.5981,100,37,66.1,"F"
20,"Reference",0.5,1.0174,100,37,66.1,"F"
20,"Reference",0.75,1.2741,100,37,66.1,"F"
20,"Reference",1,1.575,100,37,66.1,"F"
20,"Reference",1.5,1.7705,100,37,66.1,"F"
20,"Reference",2,1.8822,100,37,66.1,"F"
20,"Reference",3,1.8114,100,37,66.1,"F"
20,"Reference",4,1.5953,100,37,66.1,"F"
20,"Reference",6,1.2941,100,37,66.1,"F"
20,"Reference",8,1.0029,100,37,66.1,"F"
20,"Reference",12,0.7312,100,37,66.1,"F"
20,"Reference",24,0.1709,100,37,66.1,"F"
20,"Reference",36,0.0523,100,37,66.1,"F"
20,"Reference",48,0.014,100,37,66.1,"F"
21,"Test",0,0,100,38,76.4,"M"
21,"Test",0.25,0.3772,100,38,76.4,"M"
21,"Test",0.5,0.6522,100,38,76.4,"M"
21,"Test",0.75,0.8881,100,38,76.4,"M"
21,"Test",1,1.0333,100,38,76.4,"M"
21,"Test",1.5,1.2104,100,38,76.4,"M"
21,"Test",2,1.2879,100,38,76.4,"M"
21,"Test",3,1.3114,100,38,76.4,"M"
21,"Test",4,1.144,100,38,76.4,"M"
21,"Test",6,1.0188,100,38,76.4,"M"
21,"Test",8,0.8584,100,38,76.4,"M"
21,"Test",12,0.5107,100,38,76.4,"M"
21,"Test",24,0.1528,100,38,76.4,"M"
21,"Test",36,0.0429,100,38,76.4,"M"
21,"Test",48,0.0114,100,38,76.4,"M"
22,"Test",0,0,100,42,59,"M"
22,"Test",0.25,0.4594,100,42,59,"M"
22,"Test",0.5,0.844,100,42,59,"M"
22,"Test",0.75,1.2331,100,42,59,"M"
22,"Test",1,1.3147,100,42,59,"M"
22,"Test",1.5,1.5987,100,42,59,"M"
22,"Test",2,1.6928,100,42,59,"M"
22,"Test",3,1.5914,100,42,59,"M"
22,"Test",4,1.6134,100,42,59,"M"
22,"Test",6,1.2683,100,42,59,"M"
22,"Test",8,1.0862,100,42,59,"M"
22,"Test",12,0.6708,100,42,59,"M"
22,"Test",24,0.2288,100,42,59,"M"
22,"Test",36,0.0662,100,42,59,"M"
22,"Test",48,0.0231,100,42,59,"M"
23,"Test",0,0,100,40,92,"F"
23,"Test",0.25,0.452,100,40,92,"F"
23,"Test",0.5,0.7542,100,40,92,"F"
23,"Test",0.75,0.9467,100,40,92,"F"
23,"Test",1,1.1068,100,40,92,"F"
23,"Test",1.5,1.2139,100,40,92,"F"
23,"Test",2,1.3706,100,40,92,"F"
23,"Test",3,1.1927,100,40,92,"F"
23,"Test",4,1.207,100,40,92,"F"
23,"Test",6,0.9796,100,40,92,"F"
23,"Test",8,0.8155,100,40,92,"F"
23,"Test",12,0.6029,100,40,92,"F"
23,"Test",24,0.1979,100,40,92,"F"
23,"Test",36,0.0668,100,40,92,"F"
23,"Test",48,0.0208,100,40,92,"F"
24,"Test",0,0,100,27,92.6,"M"
24,"Test",0.25,0.37,100,27,92.6,"M"
24,"Test",0.5,0.6497,100,27,92.6,"M"
24,"Test",0.75,0.8177,100,27,92.6,"M"
24,"Test",1,1.0284,100,27,92.6,"M"
24,"Test",1.5,1.1151,100,27,92.6,"M"
24,"Test",2,1.1468,100,27,92.6,"M"
24,"Test",3,1.103,100,27,92.6,"M"
24,"Test",4,1.016,100,27,92.6,"M"
24,"Test",6,0.8343,100,27,92.6,"M"
24,"Test",8,0.6847,100,27,92.6,"M"
24,"Test",12,0.4426,100,27,92.6,"M"
24,"Test",24,0.1365,100,27,92.6,"M"
24,"Test",36,0.0331,100,27,92.6,"M"
24,"Test",48,0.0104,100,27,92.6,"M"
25,"Test",0,0,100,43,84.7,"M"
25,"Test",0.25,0.3657,100,43,84.7,"M"
25,"Test",0.5,0.6315,100,43,84.7,"M"
25,"Test",0.75,0.7941,100,43,84.7,"M"
25,"Test",1,0.9966,100,43,84.7,"M"
25,"Test",1.5,1.0927,100,43,84.7,"M"
25,"Test",2,1.127,100,43,84.7,"M"
25,"Test",3,1.2165,100,43,84.7,"M"
25,"Test",4,0.9968,100,43,84.7,"M"
25,"Test",6,0.8999,100,43,84.7,"M"
25,"Test",8,0.7496,100,43,84.7,"M"
25,"Test",12,0.5096,100,43,84.7,"M"
25,"Test",24,0.1665,100,43,84.7,"M"
25,"Test",36,0.0426,100,43,84.7,"M"
25,"Test",48,0.0136,100,43,84.7,"M"
26,"Test",0,0,100,48,80.9,"M"
26,"Test",0.25,0.3661,100,48,80.9,"M"
26,"Test",0.5,0.6558,100,48,80.9,"M"
26,"Test",0.75,0.8629,100,48,80.9,"M"
26,"Test",1,1.0438,100,48,80.9,"M"
26,"Test",1.5,1.1361,100,48,80.9,"M"
26,"Test",2,1.3724,100,48,80.9,"M"
26,"Test",3,1.2949,100,48,80.9,"M"
26,"Test",4,1.1746,100,48,80.9,"M"
26,"Test",6,1.0842,100,48,80.9,"M"
26,"Test",8,0.9272,100,48,80.9,"M"
26,"Test",12,0.5164,100,48,80.9,"M"
26,"Test",24,0.134,100,48,80.9,"M"
26,"Test",36,0.0398,100,48,80.9,"M"
26,"Test",48,0.0097,100,48,80.9,"M"
27,"Test",0,0,100,35,69.6,"F"
27,"Test",0.25,0.4301,100,35,69.6,"F"
27,"Test",0.5,0.7922,100,35,69.6,"F"
27,"Test",0.75,0.9634,100,35,69.6,"F"
27,"Test",1,1.1207,100,35,69.6,"F"
27,"Test",1.5,1.3925,100,35,69.6,"F"
27,"Test",2,1.4021,100,35,69.6,"F"
27,"Test",3,1.2934,100,35,69.6,"F"
27,"Test",4,1.2202,100,35,69.6,"F"
27,"Test",6,1.1286,100,35,69.6,"F"
27,"Test",8,0.9237,100,35,69.6,"F"
27,"Test",12,0.636,100,35,69.6,"F"
27,"Test",24,0.1996,100,35,69.6,"F"
27,"Test",36,0.0624,100,35,69.6,"F"
27,"Test",48,0.0209,100,35,69.6,"F"
28,"Test",0,0,100,37,70.7,"M"
28,"Test",0.25,0.3609,100,37,70.7,"M"
28,"Test",0.5,0.6396,100,37,70.7,"M"
28,"Test",0.75,0.9042,100,37,70.7,"M"
28,"Test",1,1.0486,100,37,70.7,"M"
28,"Test",1.5,1.2445,100,37,70.7,"M"
28,"Test",2,1.3341,100,37,70.7,"M"
28,"Test",3,1.2666,100,37,70.7,"M"
28,"Test",4,1.3154,100,37,70.7,"M"
28,"Test",6,1.1121,100,37,70.7,"M"
28,"Test",8,0.9594,100,37,70.7,"M"
28,"Test",12,0.6444,100,37,70.7,"M"
28,"Test",24,0.2355,100,37,70.7,"M"
28,"Test",36,0.0852,100,37,70.7,"M"
28,"Test",48,0.0309,100,37,70.7,"M"
29,"Test",0,0,100,28,72.4,"F"
29,"Test",0.25,0.3184,100,28,72.4,"F"
29,"Test",0.5,0.5565,100,28,72.4,"F"
29,"Test",0.75,0.7604,100,28,72.4,"F"
29,"Test",1,0.8836,100,28,72.4,"F"
29,"Test",1.5,1.2635,100,28,72.4,"F"
29,"Test",2,1.2244,100,28,72.4,"F"
29,"Test",3,1.2448,100,28,72.4,"F"
29,"Test",4,1.1963,100,28,72.4,"F"
29,"Test",6,1.0342,100,28,72.4,"F"
29,"Test",8,0.8957,100,28,72.4,"F"
29,"Test",12,0.5791,100,28,72.4,"F"
29,"Test",24,0.2202,100,28,72.4,"F"
29,"Test",36,0.0713,100,28,72.4,"F"
29,"Test",48,0.0249,100,28,72.4,"F"
30,"Test",0,0,100,30,64.1,"F"
30,"Test",0.25,0.5566,100,30,64.1,"F"
30,"Test",0.5,0.9526,100,30,64.1,"F"
30,"Test",0.75,1.2444,100,30,64.1,"F"
30,"Test",1,1.4295,100,30,64.1,"F"
30,"Test",1.5,1.6168,100,30,64.1,"F"
30,"Test",2,1.6257,100,30,64.1,"F"
30,"Test",3,1.6723,100,30,64.1,"F"
30,"Test",4,1.5207,100,30,64.1,"F"
30,"Test",6,1.1188,100,30,64.1,"F"
30,"Test",8,0.9615,100,30,64.1,"F"
30,"Test",12,0.6126,100,30,64.1,"F"
30,"Test",24,0.1661,100,30,64.1,"F"
30,"Test",36,0.0462,100,30,64.1,"F"
30,"Test",48,0.012,100,30,64.1,"F"
31,"Test",0,0,100,27,85.2,"F"
31,"Test",0.25,0.3754,100,27,85.2,"F"
31,"Test",0.5,0.6928,100,27,85.2,"F"
31,"Test",0.75,0.8953,100,27,85.2,"F"
31,"Test",1,1.0372,100,27,85.2,"F"
31,"Test",1.5,1.164,100,27,85.2,"F"
31,"Test",2,1.3214,100,27,85.2,"F"
31,"Test",3,1.2929,100,27,85.2,"F"
31,"Test",4,1.073,100,27,85.2,"F"
31,"Test",6,0.9738,100,27,85.2,"F"
31,"Test",8,0.7965,100,27,85.2,"F"
31,"Test",12,0.5434,100,27,85.2,"F"
31,"Test",24,0.1801,100,27,85.2,"F"
31,"Test",36,0.0562,100,27,85.2,"F"
31,"Test",48,0.0171,100,27,85.2,"F"
32,"Test",0,0,100,45,81.6,"F"
32,"Test",0.25,0.3641,100,45,81.6,"F"
32,"Test",0.5,0.6883,100,45,81.6,"F"
32,"Test",0.75,0.891,100,45,81.6,"F"
32,"Test",1,1.0819,100,45,81.6,"F"
32,"Test",1.5,1.1831,100,45,81.6,"F"
32,"Test",2,1.1922,100,45,81.6,"F"
32,"Test",3,1.1742,100,45,81.6,"F"
32,"Test",4,1.1604,100,45,81.6,"F"
32,"Test",6,0.9652,100,45,81.6,"F"
32,"Test",8,0.8166,100,45,81.6,"F"
32,"Test",12,0.4866,100,45,81.6,"F"
32,"Test",24,0.1173,100,45,81.6,"F"
32,"Test",36,0.0316,100,45,81.6,"F"
32,"Test",48,0.0084,100,45,81.6,"F"
33,"Test",0,0,100,46,75.8,"F"
33,"Test",0.25,0.4159,100,46,75.8,"F"
33,"Test",0.5,0.7259,100,46,75.8,"F"
33,"Test",0.75,0.91,100,46,75.8,"F"
33,"Test",1,1.0852,100,46,75.8,"F"
33,"Test",1.5,1.2533,100,46,75.8,"F"
33,"Test",2,1.3792,100,46,75.8,"F"
33,"Test",3,1.2672,100,46,75.8,"F"
33,"Test",4,1.2163,100,46,75.8,"F"
33,"Test",6,0.9212,100,46,75.8,"F"
33,"Test",8,0.7952,100,46,75.8,"F"
33,"Test",12,0.5159,100,46,75.8,"F"
33,"Test",24,0.1476,100,46,75.8,"F"
33,"Test",36,0.0415,100,46,75.8,"F"
33,"Test",48,0.0119,100,46,75.8,"F"
34,"Test",0,0,100,50,63.7,"F"
34,"Test",0.25,0.4423,100,50,63.7,"F"
34,"Test",0.5,0.862,100,50,63.7,"F"
34,"Test",0.75,1.0942,100,50,63.7,"F"
34,"Test",1,1.1811,100,50,63.7,"F"
34,"Test",1.5,1.3877,100,50,63.7,"F"
34,"Test",2,1.4817,100,50,63.7,"F"
34,"Test",3,1.4263,100,50,63.7,"F"
34,"Test",4,1.4025,100,50,63.7,"F"
34,"Test",6,1.1663,100,50,63.7,"F"
34,"Test",8,0.9429,100,50,63.7,"F"
34,"Test",12,0.6124,100,50,63.7,"F"
34,"Test",24,0.1939,100,50,63.7,"F"
34,"Test",36,0.0542,100,50,63.7,"F"
34,"Test",48,0.015,100,50,63.7,"F"
35,"Test",0,0,100,57,74.8,"M"
35,"Test",0.25,0.4513,100,57,74.8,"M"
35,"Test",0.5,0.715,100,57,74.8,"M"
35,"Test",0.75,0.9124,100,57,74.8,"M"
35,"Test",1,1.0579,100,57,74.8,"M"
35,"Test",1.5,1.215,100,57,74.8,"M"
35,"Test",2,1.374,100,57,74.8,"M"
35,"Test",3,1.2837,100,57,74.8,"M"
35,"Test",4,1.1697,100,57,74.8,"M"
35,"Test",6,1.0894,100,57,74.8,"M"
35,"Test",8,0.8145,100,57,74.8,"M"
35,"Test",12,0.5465,100,57,74.8,"M"
35,"Test",24,0.17,100,57,74.8,"M"
35,"Test",36,0.0586,100,57,74.8,"M"
35,"Test",48,0.0174,100,57,74.8,"M"
36,"Test",0,0,100,46,82.7,"F"
36,"Test",0.25,0.301,100,46,82.7,"F"
36,"Test",0.5,0.56,100,46,82.7,"F"
36,"Test",0.75,0.6773,100,46,82.7,"F"
36,"Test",1,0.8641,100,46,82.7,"F"
36,"Test",1.5,0.9642,100,46,82.7,"F"
36,"Test",2,0.9959,100,46,82.7,"F"
36,"Test",3,1.0389,100,46,82.7,"F"
36,"Test",4,1.0034,100,46,82.7,"F"
36,"Test",6,0.7834,100,46,82.7,"F"
36,"Test",8,0.6537,100,46,82.7,"F"
36,"Test",12,0.4587,100,46,82.7,"F"
36,"Test",24,0.1449,100,46,82.7,"F"
36,"Test",36,0.0489,100,46,82.7,"F"
36,"Test",48,0.0145,100,46,82.7,"F"
37,"Test",0,0,100,46,105.4,"F"
37,"Test",0.25,0.413,100,46,105.4,"F"
37,"Test",0.5,0.7231,100,46,105.4,"F"
37,"Test",0.75,0.8556,100,46,105.4,"F"
37,"Test",1,0.9749,100,46,105.4,"F"
37,"Test",1.5,1.0048,100,46,105.4,"F"
37,"Test",2,0.981,100,46,105.4,"F"
37,"Test",3,0.9396,100,46,105.4,"F"
37,"Test",4,0.8435,100,46,105.4,"F"
37,"Test",6,0.7733,100,46,105.4,"F"
37,"Test",8,0.6044,100,46,105.4,"F"
37,"Test",12,0.4191,100,46,105.4,"F"
37,"Test",24,0.1641,100,46,105.4,"F"
37,"Test",36,0.0535,100,46,105.4,"F"
37,"Test",48,0.02,100,46,105.4,"F"
38,"Test",0,0,100,48,89.7,"M"
38,"Test",0.25,0.4339,100,48,89.7,"M"
38,"Test",0.5,0.6617,100,48,89.7,"M"
38,"Test",0.75,0.8805,100,48,89.7,"M"
38,"Test",1,0.9327,100,48,89.7,"M"
38,"Test",1.5,1.2034,100,48,89.7,"M"
38,"Test",2,1.1972,100,48,89.7,"M"
38,"Test",3,1.0809,100,48,89.7,"M"
38,"Test",4,1.0148,100,48,89.7,"M"
38,"Test",6,0.9288,100,48,89.7,"M"
38,"Test",8,0.7675,100,48,89.7,"M"
38,"Test",12,0.5392,100,48,89.7,"M"
38,"Test",24,0.1943,100,48,89.7,"M"
38,"Test",36,0.0619,100,48,89.7,"M"
38,"Test",48,0.0228,100,48,89.7,"M"
39,"Test",0,0,100,45,72.3,"M"
39,"Test",0.25,0.3908,100,45,72.3,"M"
39,"Test",0.5,0.7008,100,45,72.3,"M"
39,"Test",0.75,0.9372,100,45,72.3,"M"
39,"Test",1,1.0777,100,45,72.3,"M"
39,"Test",1.5,1.2612,100,45,72.3,"M"
39,"Test",2,1.3443,100,45,72.3,"M"
39,"Test",3,1.3531,100,45,72.3,"M"
39,"Test",4,1.3304,100,45,72.3,"M"
39,"Test",6,1.0384,100,45,72.3,"M"
39,"Test",8,0.8518,100,45,72.3,"M"
39,"Test",12,0.5297,100,45,72.3,"M"
39,"Test",24,0.1157,100,45,72.3,"M"
39,"Test",36,0.0279,100,45,72.3,"M"
39,"Test",48,0.0066,100,45,72.3,"M"
40,"Test",0,0,100,50,60.2,"M"
40,"Test",0.25,0.4396,100,50,60.2,"M"
40,"Test",0.5,0.7731,100,50,60.2,"M"
40,"Test",0.75,0.9833,100,50,60.2,"M"
40,"Test",1,1.1637,100,50,60.2,"M"
40,"Test",1.5,1.3166,100,50,60.2,"M"
40,"Test",2,1.5347,100,50,60.2,"M"
40,"Test",3,1.3727,100,50,60.2,"M"
40,"Test",4,1.3072,100,50,60.2,"M"
40,"Test",6,1.0922,100,50,60.2,"M"
40,"Test",8,0.9084,100,50,60.2,"M"
40,"Test",12,0.5786,100,50,60.2,"M"
40,"Test",24,0.157,100,50,60.2,"M"
40,"Test",36,0.0433,100,50,60.2,"M"
40,"Test",48,0.0118,100,50,60.2,"M"
